id,question,answerA,answerB,answerC,answerD
1,question1,question1answerA,question1answerB,question1answerC,question1answerD
2,question2,question2answerA,question2answerB,question2answerC,question2answerD
3,question3,question3answerA,question3answerB,question3answerC,question3answerD
4,question4,question4answerA,question4answerB,question4answerC,question4answerD
5,question5,question5answerA,question5answerB,question5answerC,question5answerD
6,question6,question6answerA,question6answerB,question6answerC,question6answerD
7,question7,question7answerA,question7answerB,question7answerC,question7answerD
8,question8,question8answerA,question8answerB,question8answerC,question8answerD
9,question9,question9answerA,question9answerB,question9answerC,question9answerD
10,question10,question10answerA,question10answerB,question10answerC,question10answerD
